metric,n_control,n_rbd,mean_control,mean_rbd,median_control,median_rbd,sd_control,sd_rbd,test,statistic,p_value,effect_size,effect_name,shapiro_control_p,shapiro_rbd_p,p_fdr_bh
mean_hep_NREM,15,15,3.487669739798311,2.804941624649538,3.0953619106537413,2.25875594650468,1.3600800621314888,2.5240775722814086,mann_whitney,172.0,0.014396852751179466,-0.528888888888889,rank_biserial,0.022355546363592577,7.931683439076165e-06,0.100411571014373
mean_hep_REM,15,15,3.139761501373272,2.538186969069936,2.4327545813016864,1.905938159226128,1.4387413193213359,2.535079781827586,mann_whitney,167.0,0.02510289275359325,-0.48444444444444446,rank_biserial,0.013427695524534893,4.467965219248968e-06,0.100411571014373
pearson_30s_r_NREM,15,15,0.27240365060552646,0.1964842397967996,0.32689109274989125,0.2063186255621996,0.15965649632106732,0.1681393637329128,welch_t,1.2681324560786933,0.21522177995300376,0.4630565013991531,cohen_d,0.5091662153169192,0.10229956501137027,0.5328510266256552
mean_delta_power_NREM,15,15,0.4373338623520308,0.40113603040033907,0.4245787447627033,0.39538049461800157,0.08974544266571068,0.08502166245944047,welch_t,1.134030960805349,0.2664255133128276,0.4140895587615644,cohen_d,0.8559546126909883,0.4511452866655892,0.5328510266256552
hep_auc_REM,15,15,0.04210915793656548,0.03016735753829114,0.06207653421536978,0.0583256004931979,0.118413351119188,0.1142244858246076,welch_t,0.28111219953884364,0.7806939531117199,0.10264766191821201,cohen_d,0.49215250558505563,0.17006889445864765,0.9669147771731937
pearson_30s_r_REM,15,15,0.19717141894415088,0.21547738804133626,0.1443641749591378,0.2964308719830427,0.18049506863460146,0.1837682987542536,welch_t,-0.2752455593683631,0.78514924271185,-0.10050546781278656,cohen_d,0.17635777205906678,0.12102034321352212,0.9669147771731937
hep_auc_NREM,15,15,0.029931911210678428,0.04264894703847933,0.06145183013666031,0.053352709118951236,0.1159740356997959,0.10103477458779289,mann_whitney,108.0,0.8682259903524354,0.040000000000000036,rank_biserial,0.032347267851268194,0.3672837154664198,0.9669147771731937
mean_delta_power_REM,15,15,0.3871217559462588,0.36735458437757257,0.36206028405777135,0.3835014540480701,0.14287838371110168,0.11020368560329666,mann_whitney,114.0,0.9669147771731937,-0.01333333333333342,rank_biserial,0.04144522764381764,0.6067379365675891,0.9669147771731937
