metric,n_control,n_rbd,mean_control,mean_rbd,median_control,median_rbd,sd_control,sd_rbd,test,statistic,p_value,effect_size,effect_name,shapiro_control_p,shapiro_rbd_p,stage,p_fdr_bh
cpc_ratio,15,15,0.28884050919345167,0.2332673259351173,0.21500776879181505,0.2069553261724724,0.19149611414499199,0.1657196354178756,mann_whitney,129.0,0.506914933812496,-0.14666666666666672,rank_biserial,0.006690396706787762,0.005152542883172343,Wake,0.5614474146848649
cpc_ratio,15,15,0.25876367830028413,0.25304413449786867,0.23126542202342343,0.15739962088698978,0.1700676911242004,0.2922035391352167,mann_whitney,152.0,0.10573920209087935,-0.35111111111111115,rank_biserial,0.0011136720841752098,0.0003056020357811588,N1,0.2641076766636726
cpc_ratio,15,15,0.26971532764615663,0.23262929851992156,0.20683188237127995,0.17995373520186672,0.12672162332317027,0.2062088111269114,mann_whitney,147.0,0.15846460599820356,-0.30666666666666664,rank_biserial,0.0035300199685042214,0.0004958283629421453,N2,0.2641076766636726
cpc_ratio,15,15,0.26177516591427286,0.20601043784626683,0.1712021634868617,0.1755121835647298,0.198840768719127,0.18968879264353758,mann_whitney,127.0,0.5614474146848649,-0.12888888888888883,rank_biserial,0.0006464374428164236,0.0004006632615056358,N3,0.5614474146848649
cpc_ratio,15,15,0.3277018914238944,0.23802902008843904,0.2406937303252155,0.19589614294396848,0.16383057614600333,0.18625715453544514,mann_whitney,159.0,0.05639236422683157,-0.41333333333333333,rank_biserial,0.08726935900534294,0.0017488348432477905,REM,0.2641076766636726
