metric,n_control,n_rbd,mean_control,mean_rbd,median_control,median_rbd,sd_control,sd_rbd,test,statistic,p_value,effect_size,effect_name,shapiro_control_p,shapiro_rbd_p,stage,p_fdr_bh
hr_mean_bpm,15,15,74.21567517512364,63.80821820689189,74.37905472615341,65.23510153671678,9.522675445125646,12.909498628744544,welch_t,2.512693731896014,0.01858409878706995,0.9175060247075232,cohen_d,0.8037625543285014,0.09007019845802812,Wake,0.04183815458932208
hr_mean_bpm,15,15,72.121573342317,62.60481039630035,71.84728737502348,65.92512488352877,9.819025308262727,13.451440117595121,welch_t,2.213182733789103,0.03600488545700072,0.808140071451495,cohen_d,0.27952289511373224,0.07888829008762395,N1,0.045006106821250905
hr_mean_bpm,15,15,69.72063535722253,61.131956903279224,70.82216660128265,65.20717574805424,8.98574240914602,12.988326462952019,welch_t,2.106147379975215,0.04544039589767622,0.7690562862952196,cohen_d,0.6705783082714141,0.15846976424622639,N2,0.04544039589767622
hr_mean_bpm,15,15,72.26014187255868,60.93563908969947,72.72012013116289,65.6670343539803,10.68882181146147,14.155929507165697,welch_t,2.4726175171027536,0.020259400436530087,0.9028722601330625,cohen_d,0.3874841625996434,0.07038513173678844,N3,0.04183815458932208
hr_mean_bpm,15,15,69.40398444976718,60.42367777469281,70.03286693533893,60.52963930578836,7.984382624039446,13.553262585545964,mann_whitney,167.0,0.02510289275359325,-0.48444444444444446,rank_biserial,0.2691028664552969,0.04844190171728084,REM,0.04183815458932208
