metric,n_control,n_rbd,mean_control,mean_rbd,median_control,median_rbd,sd_control,sd_rbd,test,statistic,p_value,effect_size,effect_name,shapiro_control_p,shapiro_rbd_p,stage,p_fdr_bh
hep_30s,15,15,4.060189582966937,3.0402056274582425,3.46397366911107,2.461103180194263,1.9563012153616945,2.23801302018973,mann_whitney,161.0,0.04648668639528603,-0.431111111111111,rank_biserial,0.06338675247703583,4.3599447260912355e-05,Wake,0.06196961991403871
hep_30s,15,15,3.568000572523265,2.98670430620366,2.897869457894625,2.4072922947346727,1.9476997544155903,2.7058010582005134,mann_whitney,160.0,0.05123941919274439,-0.4222222222222223,rank_biserial,0.003049021219002634,0.0001478359043059619,N1,0.06196961991403871
hep_30s,15,15,3.2836667461566256,2.701329853105799,2.5868977272772886,2.1389218795773686,1.563536529453192,2.4730534871063723,mann_whitney,158.0,0.06196961991403871,-0.4044444444444444,rank_biserial,0.0023035733879139472,6.755621685348377e-06,N2,0.06196961991403871
hep_30s,15,15,3.839552735524612,3.007827150664826,3.6227123779560997,2.2911982010630463,1.3958287246076462,2.849697320487382,mann_whitney,176.0,0.008972024812814977,-0.5644444444444445,rank_biserial,0.5459538495048695,5.499932313349979e-06,N3,0.044860124064074886
hep_30s,15,15,3.139761501373272,2.538186969069936,2.4327545813016864,1.9059381592261275,1.438741319321336,2.535079781827586,mann_whitney,167.0,0.02510289275359325,-0.48444444444444446,rank_biserial,0.013427695524534893,4.467965219248985e-06,REM,0.06196961991403871
